<?xml version="1.0" encoding="UTF-8"?>
<project-private xmlns="http://www.netbeans.org/ns/project-private/1">
    <editor-bookmarks xmlns="http://www.netbeans.org/ns/editor-bookmarks/2" lastBookmarkId="0"/>
    <open-files xmlns="http://www.netbeans.org/ns/projectui-open-files/2">
        <group>
            <file>file:/C:/Program%20Files%20(x86)/harmony/v2_02_00b/apps/LightDimmer/firmware/src/system_config/default/system_init.c</file>
            <file>file:/C:/Program%20Files%20(x86)/harmony/v2_02_00b/apps/LightDimmer/firmware/src/system_config/default/system_interrupt.c</file>
            <file>file:/C:/Program%20Files%20(x86)/harmony/v2_02_00b/apps/LightDimmer/firmware/src/app.h</file>
            <file>file:/C:/Program%20Files%20(x86)/harmony/v2_02_00b/apps/LightDimmer/firmware/src/app.c</file>
            <file>file:/C:/Program%20Files%20(x86)/harmony/v2_02_00b/apps/LightDimmer/firmware/src/system_config/default/framework/driver/adc/src/drv_adc_static.c</file>
        </group>
    </open-files>
</project-private>
